id,aspect_class,sentiment_class,comment_text
1,,,gila ribu viewers guys re requiem kita lanjut nanti jam sahur yah ngabuburit sambil main server gta roleplay ku dulu aja di imeroleplay tempat top up terbaikku cuma di beli kebutuhan tcgmu di tanganwangi join discord ku motionime cara nemu server imeroleplay di fivem filter bendera indonesia di fivem trus sort by player or f8 connect di fivem gta main imeroleplay com
2,,,ternyata udah bulan yg lalu ya padahal bersa baru beberapa minggu
3,,,nyesek njir di katain sampah eh sumpah si raka muncung nya itu lho
4,,,parah sumpah di katain lu sampah astaghfirullah kalian ini ah dah lah capek aing
5,,,itu raka ego nya lebih sampah dari sampah sih janngan dengerin kata raka bang windah si raka literasi
6,,,absen yg replay lagi walaupun udah nonton
7,,,saya janji akan like semua vidio mu yang bertentangan dengan resident evil dan game triple a bang
8,,,kangen bulan puasa vibes re9
9,,,halo bang
10,,,leon tidak pernah jadi member stars bang dia dulu rpd aka polisi barurookie waktu masih di re2 lalu posisi dia skrg udh jadi agen dso di re9 ini
11,,,bisa bisanya gw nonton ini lagi
12,,,absen bg
13,,,masih keinget windah ngaku leon
14,,,kok bang windah bisa nge love in coment sebanyak ini sih kan dia sibuk
15,,,yang perawat tadi dibiarin sama lion
16,,,kenyataannya kok ada ya manusia pengecut itu
17,,,semua nilainya ini mah cuma sengaja aja agak telat nonton nya
18,,,masih gamon dgn nonton windah vibes ramadhan
19,,,gasuka nonton first person soalnya motion sickness
20,,,karakternya lamban banget coo
21,,,lagi makan malah muntah ke piring
22,,,pada fomo gk tahu re kah kameranya gmna
23,,,sejak awal grace sdah dipancing untuk k greenwood
24,,,seru banget niii game tapi bacotan luuu lebih banyak jadi bikin nggak fokus sama gamenya
25,,,kok mnrtku malah lebh jelek grafiknya ketimbang village
26,,,gabisa fokus ke story game aja ga sih banyak bet hal yg dikomen momen penting pun malah bahas viewer udh gitu banyak bet iklan
27,,,dah abis main tdi
28,,,itu mak nya grace gak sih
29,,,game kerreen
30,,,bng windah aku sayang kamu dan keluargamu semoga sehat selalu semua
31,,,sayur main game masakmasakan
32,,,woi itu adik aku
33,,,kak coba main roblox seru banget kak ada banyak map
34,,,ka meci main gem pazu
35,,,kak mixsu beli barang rendom dong
36,,,lah itu nama aku kak
37,,,tahu nggak tadi aku juga ada di mana kamu cepet ke sini boleh
38,,,siapa yang pernah ketemu kuntilanak
39,,,coba game roblox meisy
40,,,kak besok main game yang sakit kalau dipencet hpnya
41,,,coba messi yang game roblox
42,,,kak biasanya kalok malam ada kuntilanak
43,,,siapa yang pernah main roblox
44,,,hdhohs
45,,,aku udah pernah punya
46,,,aku suka ojol jadi aku donnlowd itu
47,,,kak molesin coba main sakura simulator
48,,,kak messie coba download game kisah hantu ojol plis
49,,,kak aku main game itu tapi bosen
50,,,kak coba main sakura pis
51,,,kalo aku sering mainin game ojol lefi
52,,,kak aku gabisa bondol gabisa
53,,,kak mesi kan bisa mabar
54,,,kk mejol
55,,,mendingan main ojol live grafik nya lumayan bagus dan gampang
56,,,mesi kan temen nya ronaldo
57,,,kak moson ehh salah menong ehh salah lagi messi beli barang rendem dong
58,,,ka minta sekengker nya dong
59,,,ka messi pas aku main game itu juga ada ojol tibatiba aku tabrak ojol nya
60,,,kak meysi coba geme scoop order
61,,,eigggg
62,,,semuannyaaaa diaaaammm
63,,,itu adalah gi han
64,,,ist das ein squitspiel aber warum ist dieses spiel so seltsam gibt es so ein spiel berhaupt
65,,,aku tidak suka squld game hapus
66,,,semunya diaaamm aku pernah bermain ini sebelum nya
67,,,squid game
68,,,ini asli kaga
69,,,harus fokus ya sama teman teman nya kalo bergerak nanti mati loh jangan bergerak ya semangat ya
70,,,semuaaaaaaanya diaaaaaaaam
71,,,semuuuuuaaanyaaaaa diam
72,,,besar sekali suara gihun
73,,,kamu semua diam
74,,,bener tu
75,,,meengrikan betulan
76,,,rueyeydudh
77,,,aku suka player player player player player player player player player player player
78,,,jsvshhsvsvshsggs
79,,,gasing
80,,,hai nama ku ais hai
81,,,lampu hijau lampu merah lagu city yang bendera
82,,,1x1x1x1x1
84,,,ya namanya aja neflix indonesia
86,,,bahasa indo aneh
87,,,diiiaaam semuaaa
88,,,member baru di langsung di kasi jp 1jt modal kecil cuma rb banyak bonus nya juga untuk new member
89,,,main aja di pg soft nya auto kaya bang game nya error smua
90,,,daftar sekarang dan buktikan sendiri
91,,,dengan rate kemenangan yang tinggi dan promo harian memberikan peluang terbaik untuk kamu
92,,,jangan lewatkan kesempatan besar
93,,,seperti nya bang kopral jono sudah tidak diingat lagi
94,,,letdark rekkkk
95,,,ruok mah emang cheater kocak so tau lu
96,,,iritel michael show
97,,,letda hyper letda kiper letda hytam
98,,,gua bingung kenapa dah udah terkenal tpi cari sensasi yang bisa ajah buat jatuh karir iyah tahu branding atau cari penonton lebih cuman yahhhh g gitu jg lah
99,,,mantap mantap replek bosku mantap
100,,,coba gazzelcross
101,,,yang ruok itu emang ngecheat kocak
102,,,masukin scene chum kevin padahal itu bukan moment dia hancur karir
103,,,chum kevin coy
104,,,eric redup gara narko ama selingkuh klo yg slek ama arap masii rada diatas dia malah banyak org yg jd tau dia
105,,,letdark hyper
106,,,pas letda mirip siapa gitu yg dari esport ml
107,,,tapi si kevin udah naik sekarang mah
108,,,leda haidang reflek boss ku mantap
109,,,doksli ternyata
110,,,kenapa ada kepin anjgg
111,,,letda juga blunder di fish it
112,,,eh di awal chum kevin anjiiiiir
113,,,dan fyi sekarang ga sekarang sih udh agak lama si letdark maen roblox make script
114,,,bocil ff yg gak suka kalah
115,,,stop makes stupid people famous
116,,,emang cheat blog admin nya asal ceplas ceplos jir lawak
117,,,soapking susukntlmanis
118,,,game ap itu bang
119,,,tunggu tangan nga ngapain
120,,,gede banget itu nya
121,,,satu tangan satu tangan ya lagi megang titi ya
122,,,nama game nya
123,,,hmmm mencurigakan
124,,,waduh satu tangannya lagi ngapain bang coli kah
125,,,dikejar gunung fuji aghhh
127,,,apatuh geter geter bg
128,,,bang windah
129,,,kamu
130,,,kalo ketangkap gimana
131,,,bang coba di jumpscare dong soalnya aku penasaran
132,,,jadi curiga tangan sqtunya lagi dipake apa
133,,,bohay
134,,,satu tangan
135,,,ehh kok lebih fokus ke eheheheheh
136,,,nama game
137,,,tangan satu nya buat ngasah pedang
138,,,nama game nya apa
139,,,hantunya cewek tapi nggak lewat di belakangnya udah sus banget
140,,,nama gem
141,,,nama game bg
142,,,bisa main di android
143,,,positif thinking aja satu tangan nya lagi buat nutupin muka karena serem oh iya sorry kalo mirip punya si zaky
144,,,yang main game nya auto tegak
145,,,gamenya susahkah
146,,,ptsny susa keren pke tangan
147,,,top up mlbb pubg ff dan roblox disini yah
149,,,gta sandreas
150,,,gta san andreas bang bagus
151,,,game yang aku suka ialah mobile legends dan garena
153,,,gw pilih gta
154,,,gta san andreas aku udah mainin dari kecil
155,,,mana roblox dan ff
156,,,aku gta san andreas
157,,,anjay stumble gay eh salah guys
158,,,counter strike game kesukkaan ku dulu
159,,,sudah tahun
160,,,lah roblox gak ada
161,,,game favoritku minecraft
162,,,the warriors bang
163,,,minecraft sebernarnya masih populer sampai sekarang
164,,,saya player minecraft
165,,,aku suka cs
166,,,aku suka gta san dreas bang
168,,,game kesukaan ku gta san andreas dan stumble guys
169,,,minecraft is the best
170,,,kirain los santos taunya lost saga
171,,,kok gaada melon sandbox sama gorebox
172,,,bro ff
173,,,coba kalo main gta pencet l1
175,,,aku gta san andreas tapi aku malah hapus dulu tapi sekarang jadi pengen main
176,,,woi ff paling bagussss
177,,,robox dan mobelejen superber
178,,,aku suka main roblox
179,,,terbalek
180,,,yg pilih ml kumpul
181,,,aku suka ml sama roblox
182,,,aku suka main game cooking mama
184,,,aku suka ff
185,,,ih cowok
186,,,malah tuker gamenya
187,,,kebalik
188,,,aku suka main roblox itu aja sih karena lebih bagus roblox bisa chat seruh lagi
189,,,aku suka main sakura school simulator
190,,,banci
191,,,aku suka main sakura
193,,,lakil
194,,,gamelakilaki
195,,,gamelaku
196,,,bencong cik
197,,,rusltsetyar
200,,,ff lah
201,,,gue nonton ini di kereta ampe kaget dan bikin bnyak orang kaget jg sama reaksi gue
202,,,duh pas jumpscare nya gw jatuh dari kursi we saking kagetnya
203,,,jirrrr langsung kaget gua kocak
204,,,gw nonton nya di malam jumat malam hari anjirr juga di luar rumah
205,,,kplaku sampe nyutan huuaa takut tpi nagih astaga
206,,,ini yg rekomendasiin game ini lagi ngerjain kak regi wkwk
207,,,bang regi main horor bareng temen yah lagi doang
208,,,hampir jantungan gua
209,,,yang nonton te berak2
210,,,ikutan lompat gw
211,,,ni game bikin kagetnya parah baru kali ini kaget parah jahat kali bah di video k bikin kaget parah
212,,,kucingnya yang terakhir kayak kucing di baby on the yellow yang kucing hitam ituloh
213,,,kak mana lanjutan videonya seru lhooo hehe
214,,,feelnya kerasa diancam banget
215,,,suka2 game like this but ini bukan game terhoror selama ntn miauwaug yg paling bikin dag dig dug game yg pyramid mesir
216,,,bang aku langsung ustat
217,,,telat nicc tidak yg pertama hh seperti biasa nonton sambil makannnnnnn
218,,,gila aku makan nasinya lompat
219,,,aaaa udh lama g nnton kak regiii
220,,,cintai jantungmu nonton miawaug tiap hari
221,,,sibal gua lg mkn pas mangap malah triak pdhl mau masukin nasi ke mulut
222,,,cuman kaget di lagi fokus liatin itu kayak gak asing
223,,,gara gara game ini tiba tiba muncul iklan pun aku kaget
224,,,kaget bngt asli mana lgi speedup krna lg adu tombol onoff
225,,,video yang pertama ngambil latar tempat di kapal yang itu ruangan nya sempit banget makanya disetiap sudut ruang nya terasa mencekap wkwk really baru kali ini bg reggie main game horor ampe lompat aku aja ketawa lihatnya
226,,,bang miawang main game roblox dong di roblox ada game scary teacher ada lohh pless semoga di balas
227,,,kak regi aku hampir loncat
228,,,selalu menemani makan malam ku
229,,,kek live penelusuran aseli wkwkwk
230,,,ternyata angka lahir kita sama
231,,,bang tak boleh main roblox roblox tu jelek dan bego
232,,,fffffg f
233,,,hahaha botak meraju la karna tulang nya pat4h
234,,,lucu banget sampe pengen donlod heheh
235,,,abang semogah cepat berubah saya tidak sukak kalau abang begini
236,,,asalamualaikumbang kalau buat vidio bolehtak bagusbagus saya islamni bang basmalah
237,,,aku rasa botak terbiasa kot
238,,,woi alim takyah la buat video macam tu anak anak takboleh buat camtu
239,,,malaysia
240,,,bang esok dah sekolah petang dah prese
241,,,halo salam dari indonesia
242,,,bayi jangan dilempar
243,,,duaduanya nggak puasa
244,,,100000k
245,,,alim itu bukan botak nak raya kan gambar tu kopia sama dengan upin jadi pangil je upin
246,,,nuuuuuuuuupppppppppppppppppppppppppppppppppppppppppppppppppppppppppppppppppppppppppp
247,,,skqyxq
248,,,abang tak puasa
249,,,dia kecik lagi
250,,,bbbeeesssaaaaaaarrr kepalanya
251,,,astagaaa ngakakkk bgg raaaaayyaaaa si booootaaakkk nyyaaaa
252,,,zkejkehedhdnjejddjshshs666u6767nxbdbdjdgd66676766fsdsfsfdsdddeddduzhdhfncbfhdjdjshfbkhfkshkdhzmhfkhsjfhd
253,,,kelakar doh sakit perut aku
254,,,bang main game miside sebab tengok kat cermin hemsem sangat lepas tu dapat awek cantik sangat bang
255,,,botak tu
256,,,maap buat bayar listrik download war robots sekarang untuk dapetin welcome bonus pack dengan menggunakan link gw cek merch kami instagram merch shopee thank you
257,,,paling lucu yang ini
258,,,rip my ears nonton sambil pake earphone
259,,,cooo gw ga cape capek nonton ulang video milyhya
260,,,tahun yang lalu
261,,,bg dah bisa siul blm
262,,,awal pertemuan dengan mas oddy rest in peace mas oddy
263,,,komen di berasa ngelihat leluhur komen
264,,,biasanya gw nemu orang brewog sikapnya kalem gentle tp liat yg ini ko agak lain ya apa perasaan gw doang
265,,,gak peduli berapa tahun yg lalu tetap video manca seru di tonton
267,,,video pertama bareng mas oddy
268,,,mas oddy
269,,,mass oddy
271,,,ad gak nih
272,,,6thun
274,,,anyone
275,,,awal nih bos
276,,,saya dari
277,,,apsen tgl januari
278,,,dan sekarang baru kesampaian main pubg pc tp alhamdulillah vibes nya masih sama menurutku
281,,,rasanya baru nonton kemarin ternyata udah taun aja
282,,,sound penutup di vidio manca yg ini apa ya
283,,,siapa yg nonton ini di penghujung tahun gaes
284,,,channel developer arydk yuk join discord paling rame seindonesia buat cari temen festival motionime fest coming soon official merchku dan motionime
285,,,aman bang
286,,,ada nama abang tadiii
287,,,windah kayak batu
288,,,bang winda gg geming
289,,,emyu ada di mana mana njir
290,,,psht bang
291,,,semangat bikin kontennya
292,,,ojolnya mirip bang
293,,,kita doakan bang windah bersamages semoga amesia bneran
294,,,buat adek adek yang suka di bullying stop lu jangan nyerahin harga diri lu ke si pembuli kalo bisa lawan kalo gabisa tinggal kan tapi gw percaya lu paling kuat dan jago berantem di banding si pembuli stay strongg
295,,,gua takaut sekali
296,,,bang winda basudara itu buka ojol yang kasih hantaran makanan nasi gorengnya kumiliki
297,,,bacot
298,,,abang aku namanya wildan
299,,,windah malaysia
300,,,serem banget
302,,,lucu bgt sial
303,,,awesome
304,,,main ps jir
305,,,kuncinya di rak sepatu
306,,,ojol nya adalah bang winda
307,,,takuttpdhl blm main game nya
308,,,muka ojol nya mirip bg windah hh
309,,,bang itu pahri nya mirip afif yulistian bang
310,,,bang winda di sebelah ya ada orang
311,,,link discord motionime yang baru
312,,,setiap berhasil kodenya pasti ada nyanyinya lagu keramat sih lagu keramat windah basudara ketika berhasil
313,,,serem
314,,,bang windah token listrik saya juga abis isiin dong
315,,,yahh no good endingg
316,,,jelek bgt menurut gua ini game gak jelas jenis dan alurnya
317,,,good
318,,,rahmad nama bapaknya teman ku bang
319,,,di miawaug dapet keris di sini kok dptnya pisau buah
320,,,semangat bang windah basudara
321,,,wow paramex bro
322,,,yg nonton kumpul
324,,,itu ejaan dahulu
325,,,surat fatir ayat
326,,,teruslah main game horror bang gua seneng banget kalau bang windah main game horror hawanya kerasa banget sama gamenya kalau bang windah yang main dibawa seru aja sama gemenya apalagi nuansa nya indonesia
327,,,curang bjir
328,,,yg selalu mnta spill jumscare tu makan jumscare anjir
329,,,pppppppp kania
330,,,ini panutan aku paling aku cinta
331,,,kena tuyulbg
332,,,main berjam jam gak ada god ending nya what a game
333,,,bang gw telat ga
334,,,bang ini game nya lucu apa serem si gua sampek tantrum jir sama ketawa terbahak bahak
335,,,game nya mirip jurnal lisa bang persis banget gamenya
336,,,bg windah saya ijin buat ngelivein vidio abg di live saya karna saya main game saya tiba2 ngebug kuncinya gak bisa diambil jadi saya ingin melihat ending nya dari vidio abg terimakasih bang saya jadi tau ending nya
337,,,bang tainya siapa
338,,,bang kapan live lagi
339,,,gak nyangka good ending nya se sad ini join discordku motionime join instagram ekspedisi naik gunung motionime follow instagram ku festival motionimefest toko top up game ku windah topup
340,,,ilham pasti isi hati paling dalam kan bang
341,,,oppa gannam style
342,,,elitis momen
343,,,elitis momen wok
344,,,minum
345,,,bgus jg
346,,,sedih banget endingnya terharu
347,,,bang itu foto ai bang liat dari fotonya aja ai bukan foto beneran wkwk
348,,,pertama kali nya bang windah nangis dengan game horror ini
349,,,the real game berkualitas
350,,,mirip
351,,,bang windah nangis beneran
352,,,bangg windahhhhh emang best sih emang nemenin ramadhan terusss bisa menemani kegabutan ku lucu and keren bgt
353,,,nangis gua good ending nya memberikan pelajaran yang sangat berharga
354,,,terima kasih bang windah
355,,,sesosok anomali
356,,,ortu kulit putih kok anak kulit hitam
357,,,demi alek klepon gue ampe terbang cokkkk
358,,,meninggal gua
359,,,ilham mulu bang ah
360,,,deyytak nyambung lahhh
361,,,bingung ya bang
362,,,doksli wkwk
363,,,bang main horor kocak bocil jelek
364,,,bang windah tidak boleh gitu jorok nanti akibatnya bang windah
365,,,bang windah janti horor lagi bola basket bilang nya kocak
366,,,bang windah main apa horor ka serem banget aku seneng
367,,,gak nyangka sebagus ini game nya guys join discordku join discord gta rp ku imeroleplay instagram imeroleplay tiktok imeroleplay follow instagram ku festival motionimefest toko top up game ku windah topup
368,,,kget
370,,,bang aku nonton pake oc sekolah
371,,,nail hadir
373,,,yah bad ending
374,,,go vegan
375,,,windah
376,,,kaget nya gak seberapa tapi triakanya bg windah yang bikin kaget
377,,,takuttttttttttttttttttttttttttttttttttttttttttttttttttttttttttttttttttttttttttttttttttttttttttttttttttttttttttttttttttttttttttttttttttttttttttttttttttttttttttttttttttttttttttttttttttttttttttttttttttttttttttttttttttttttttttttttttttttttttttttttttttttttttttttttttttttttttttttttttttttttttttttttttttttttttttttttttttttttttttttttttttttttttttttttttttttttttttttttttttttttttttttttttttttttttttttttttttttttttttttttttttttttttttttttttttttttttttttttttttttttttttttttttttttttttttttttttttttttttttttttttttttttttttttttttttttttttttttttttttttttttttttttttttttttttttttttttttttttttttttttttttttttttttttttttttttttttttttttttttttttttttttttttttttttttttttttttttttttttttttttttttttttttttttttttttttttttttttttttttttttttttttttttttttttttttttttttttttttttttttttttttttttttttttttttttttttttttttttttttttttttttttttttttttttttttttttttttttttttttttttttttttttttttttttttttttttttttttttttttttttttttttttttttttttttttttttttttttttttttttttttttttttttttttttttttttttttttttttttttttttttttttttttttttttttttttttttttttttttttttttttttttttttttttttttttttttttttttttttttttttttttttttttttttttttttttttttttttttttttttttttttttttttttttttttttttttttttttttttttttttttttttttttttttttttttttttttttttttttttttttttttttttttttttttttttttttttttttttttttttttttttttttttttttttttttttttttttttttttttttttttttttttttttttttttttttttttttttttttttttttttttttttttttttttttttttttttttttttttttttttttttttttttt
378,,,papi yesus
379,,,ilham kau siapa
380,,,padahal ini bukan kisah nyata gambarnya aj udah jelas ii ai bgt
381,,,ada plot wist sebenarnya game ending ini di buat sm fans nya di buat vedeo mcnya selamat kbur pake mobil gua uda tonton vedeony ternyata dr game ini
382,,,perkara wortellll
383,,,akbarrrr
384,,,kagettttt
385,,,ke banyakan ngomong anjurr dari awal edann lima menit udh absi makan gua
386,,,bang gw kaget bukan karna game nya gw kaget karna lu bang
387,,,the real senam jantung
388,,,lucu bgt
389,,,bang kaget sampe makanan ku keluar lgi
390,,,bang kmu ganteng
391,,,lu live dimna jam berapa gue pengen ikut
392,,,jadi detektif jarang foto ya bang wkwk
393,,,absen bang
394,,,horror ter gg bang
395,,,baru ni
396,,,benar benar jahat kamu mulyono mommy gran datang ke motionimefest jakarta guys join discordku motionime join discord gta rp ku imeroleplay instagram imeroleplay tiktok imeroleplay follow instagram ku festival motionimefest toko top up game ku windah topup
397,,,yang ini bukan di kalimantan bang tapi di so
398,,,hantu nya kenapa sih
399,,,serem bngt co
400,,,serem juga bang game nya
401,,,loh ya nyindir bgt wok
402,,,sisa sisa dari bahlil
403,,,im scared
404,,,hadir bg
405,,,mulyono nya johan bjir
406,,,sedih bang
407,,,ada permen karet
408,,,jangan bersama dengan orang yang belum selesai dengan masa lalunya
409,,,bang maen bakso malang bang windah
410,,,hadir bang
411,,,woi kaget bangettt
412,,,nyesel gua nonton di jam930 lepas tu mau mimpi mimpi nya ini sama lagi
413,,,sri jokowi jahad bet bngke
414,,,the reall a little piece of heaven
415,,,yang bikin tambah lucu komen para viewer wkwkwkw
416,,,nonton ini energi gw kesedot badan gemeteran krna pernah liat mama juga pernah dipukulin sma bapak
417,,,bg bukan nya lu kristen ya kok ngomong astagfirullah yaallah
418,,,l mulyono
419,,,yg nyuruh nyari ijazah mulyono kurang ajar banget
420,,,bosenin banget bolak balik
421,,,info nama game
422,,,i feel you bowo
423,,,dahlia kaya oppa habis sholat jumpscare upin
424,,,dahlia lomte
425,,,gg fernida developer gamenya bagus euy jangan lupa subs channel developernya yuk join discord paling rame seindonesia buat cari temen top up semua game di windahtopupstore festival motionimefest toko top up game ku windah topup follow instagram ku
426,,,bang apa nama game nya
427,,,kota aku anjay
428,,,pistol p
429,,,keren excited bgt game buatan ank indo
430,,,aku main tapi masih di rumah sakitt aku takuttt
431,,,buktinya aku motor nya di masukin ke dalam rumah
432,,,pocongnya caper
433,,,adalah loh nama bg windah paling atas liat deh
434,,,pekel lomser
435,,,santi bisa flash step cok kek tojii
436,,,pernah main ini nyerah pas di bab dua takutt
437,,,ternyata santi orang kaya rumah nya banyak kamar tapi ternyata santi punya anak itu di buktiin pas bg windah masuk keluar kamar ada nama nya kamar aliyah dan kamar jeni gokill si game inii
438,,,bang sumpah gw baru nonton yang ini kebetulan gw bocil replay gw nyoba main game ini kringet dingin bang mau muntah knp ya
439,,,mie kuah sama es teler
440,,,harriss lop you buat hariss
441,,,anjir jam
442,,,kenapa di indo ga manusianya ga setannya ga suka bgt dengan orang yang berbeda pendapat dengan mereka selau pikir kalo orang lain ga percaya apa yang mereka percaya orang tersebut pasti buruk
443,,,seru banget bang windah aku suka nonton nya tapi serem
444,,,granny versi lebih seram
445,,,kira kira gimana naik motornya
446,,,bang windah petatang peteteng bangett
447,,,itu laba laba minecraft bng
448,,,bang aku marah sama kamu
449,,,yg pertama tadi itu kayaknya mayit
450,,,semangat ngonten bang winda
451,,,kopi nya bukan nama nya bukan api tapi kapal api
452,,,bang ruang ob
453,,,kayak game hantu seblak
454,,,uni pipin
455,,,miwaugakurpini akusubasa
456,,,kk reggie aq fans bnget suka bnget nonton ytb kk apalgi anak2 aq cm penasaran aq di app store sm playstore gk jumpa game yg kk main
457,,,di mobil kecelakaan ada rak gratis
458,,,miau augakubarunonton
460,,,apa abang masih ada apa bang abang dari youtube ini aku sangat sedih banget konten apa
461,,,apakah abang masih ada
462,,,itu gaji buta
463,,,jshsid die djsh1is8zudiw9sjndpqud
464,,,main nggak pernah main game minecraft
465,,,produk robot
466,,,kenapa indomaret
467,,,alasan
468,,,yu resti
469,,,691tobox miawavng
470,,,dimana bang
471,,,miawaug apa nama gamenya
472,,,hai miawaug apa kabar
473,,,developer di indonesia makin berkembang
474,,,nonton mulai kls 5sd sampe sekarang umur20
475,,,bacaannya indomalet
476,,,ydhsoenf
477,,,kak reki itu nama ayah aku yg nama nya bapak cecep
478,,,yang nyobsin anak tahun
479,,,ya nama nya juga anak jaman sekarang tahun ya bisa lah bikin game
480,,,bang aku juga denger kastemer
481,,,minecraft dong yang sama sini ngumpul gak maksa kok
482,,,yang paling aku suka roblox tapi aku kan masih kecil baru tahun
483,,,aing suka main roblox
484,,,jangan percaya roblox tuh di buat sama mamarika
485,,,game terkenal yaitu bussid
487,,,ff nibos
488,,,tim ff
489,,,aku tu manamaya tahu bulat
490,,,mading juga di dalam game roblox nama gamenya sambung kata
491,,,lakopala
492,,,bang bukanya ff di singapura
493,,,trouble maker dreatout pamali
494,,,game ojol
495,,,aku suka game roblox
496,,,game naon
497,,,dredout battle of surabaya pamali dan escape for naraka kalo gak salah
498,,,aku suka main berandalan sekolah
499,,,bang ini game buatan negara orang itu namanya kereta api indonesia tapi bingung namanya apa tapi coba aja bang cari kereta api indonesia pasti ada gamenya
500,,,bukannya ff itu dari singapura ya
501,,,super ber bang
502,,,hantu seblak tahu bulat simulator bus simulator indocraft
503,,,bus simulator
504,,,singapura tu woi bukan vietnam
505,,,roblox minecraft
506,,,aku si pertenak lele
507,,,game indo the least dragons
508,,,bussid bang indo
509,,,part cart
510,,,nama gamenya bussit simulator
511,,,aku mah simpel kepala brokoli aku suka kamu
512,,,geometry dash
513,,,kamu coba ketik minecraft nanti ada animasi nya
514,,,jadi bg klo di game figth of gods kita adu tuhan gitu yg kalah agamanya bakal dipandang rendah gitu bg makanya dilarang
515,,,roblox lah
516,,,no temen gw pernah main terus sekarang udh di ganti ml soalny aku tegur setiap hari gara2 game ny itu kaya bullying asli aku takut temen gw nanti ngebully org jadinya aku tegur sama bilang hapus aja game itu ganti ml terus temen gw nurut dan gw pun hidup tenang lagi
517,,,loh aku donload bully di hp atau ps ku kok ada
518,,,game bullying masih ada tapi udah gak ada
519,,,bhbnnu
520,,,minicraft bang
521,,,lah bang gw suka main buli bahkan sering
522,,,saya suka game uni
523,,,gua ff
524,,,roblox kumpul sini
525,,,bang aku main gorebox apakah haram
526,,,bener mortal kombat karena game sadis semua dan penuh penyiksaan
527,,,aku mau roblox dan god of war bang
528,,,aku suka game bus simulator indonesia bang
529,,,ffm a x
530,,,ok bang aku minecraft
531,,,my favorite game is devil may cry
532,,,game bully game yang menemani masa kecil dan nostalgia
533,,,mortal kombat sama bully masih ada bang
534,,,namaku arya dan umurku tahun oh ya permainan aku itu ada roblox ff ml
535,,,ml bang
536,,,game pkxd bang
537,,,aku roblox
538,,,roblox bg yang main roblox push likenya di bawa ngak maksa
539,,,wfjsgusfsggzgdjshsnhfgwggsbhshhihshshsuhshuhshshehusu11hwshhzhhabdkbajvdbdjvdjxvxjzbbsjzbzbznsjjwiijjjajhjhjhjjhoiohjhbiuhjuhjy2uwyw7yw
540,,,jnv mn bbnhhhiii
541,,,qaseh rania
542,,,uukgbgfhmegeh d ya gan
543,,,ade ade
544,,,yriwhdgdisfjishfj1vcjsbsbcksnxnvkdhdkvjskdhfodjvjc heorhgieoehfiruehidehfieurhis hgodeyfieuriieyiryifhfieyfihecjud hfiekdhgjgiriheo
546,,,lucu banget bayi kentutin polisi ntar dimarahin kalau dibangun gimana
547,,,gw b aj tpi adek gw
548,,,bubjbhh cvv bbm b mm n nhhug jjbnjjbhhugbufygvyvvjo juhgchhbhhhhhhbbubhh bvvvvnbbnbnbnb
549,,,iucu sekali
550,,,iseieyei38r3ut
551,,,apa apa an
552,,,kocak banget anjir
553,,,lah langsung pingsan dong
554,,,aku pengen nonton pengantin iblis
555,,,aku telat setahun walau sudah pernah nonton kali maaf kak regi
556,,,rumahnya bisa mirip gthu sama rumah di film aslinya kok bisa mirip banget yach
557,,,iblisnya kok kayak joget gitu ya
558,,,bang coba main permainan yang judulnya danur
559,,,bang itupermainanapaaky mauunduh gemeapa
560,,,aku dari majapahit
561,,,ya ampun itu hantu apa
562,,,loh ini mah pernah nonton filmnya
564,,,sayadang dang
565,,,seram gak tu
566,,,itu ad flimnya kak
567,,,aku sudah menonton pengantin iblis
568,,,poppy pernah poppy pernah poppy pernah poppy pernah poppy pernah5
569,,,whysigsuir
570,,,kak regi kagak sru tapi seru
571,,,hebat gila
572,,,kak regi aku belum nonton pengantin iblis
573,,,serem banget cokkk
574,,,itu movie
575,,,serem banget bang
576,,,ou shit kok ada hantu
577,,,seram banget
578,,,kak kalo nina ketemu harus kabur ya
579,,,bang regi coba maen bareng lagi sama bang upi
580,,,bang miawaug udah nikah ya
581,,,yang dibawah
582,,,itu mungkin mati siri deh kak regi
583,,,aku suka bangat non ft miauwu lucu lawak bangat setiap libur non ton miauwu
584,,,ko regiii fyi mayat bisa melahirkan bayi itu namanya coffin birth jadi yang dorong si bayi untuk keluar adalah gas pembusukan dalam tubuh si ibu langka banget kelahiran kaya begini
585,,,takutnya ternyata malah di salah gunakan bang
586,,,miaw ini abang gw lagi masak mie buat gw gak yangkak sama dog
587,,,februari
588,,,aku biasanya nonton abang pas buka lo
589,,,semangat ayah regi
590,,,fgficeoc arsyla
591,,,kaget terakhir
592,,,kak regi ada ending lg kak coba ke toilet dl kak
593,,,i love you
594,,,coba bikin gem hantu yang paling terkenal angker
595,,,baik natimayingmbaruyanbaik
596,,,bang regi serem banget bang
597,,,bang regi semangat ya
598,,,seruuuu bgt aku fans miwaug
599,,,aku nontonnya segini
600,,,bagus gak
601,,,halo halo
602,,,pasti itu ibu anak itu
603,,,ngerinya
604,,,ikut merinding sumpil demi apel
605,,,bg yang bg reggie pipis lalu balik lagi ada pocong di pot
606,,,woi nama gw dalisya lulu mumtazah
607,,,lgsung sunyi jdi ikutaan takut
608,,,ka regi di menit ke ada penampakan nya kaa di samping toko
609,,,kak regi maaf ya itu tulisan nya ngga kelihatan
610,,,biasanya iklan
611,,,bank terkait kami bank kah penculikan kalian membikin kamar nangis
613,,,terimakasih kak reggie sudah membuat aku senang terimakasih sekali
614,,,gara pas gw jadi inget kalo gw blom matiin air di kamar mandi
615,,,dowload nya di mana sihh
616,,,dataddod
617,,,keren banget bg seratus persen untuk abg gggggggggggggggggggggggggggggggggggggggggggggggggggggggggggggggggggggggggggggggggggggggggggggggggggggggggggggggggggggggggggggggggggggggggggggggggggggggggggggggggggggggggggggggggggggggggg bangetr
618,,,aku sudah mengirimkan viktor ke viktor part paling ngkak
619,,,namagemyaapabag
620,,,bang mau tau kepanjangan viktor kalau mau tau aku tulis di coment vikiran kotor
621,,,nyanyi ibunya udah meninggal itu hantu
622,,,miawaug itunya gambarnya nggak dimatiin
623,,,zaman pertengahan
624,,,itu mah udalama
625,,,bang miawaug gak ada nama game obsessed night shift
626,,,kalian tim yang kalo tidur lampu nyala atau mati
627,,,malingnya aneh
628,,,aku suka
629,,,sayasaya
630,,,bagus
631,,,pelakunya ternyata anaknya pak arya sendiri kan di scene akhir anknya ikutan ilmg juga hmmzz menarik
632,,,lo hlo
633,,,ilma rozz
634,,,ilma
635,,,aku gak dapetin game
636,,,gg bang
637,,,gila gak ekspek game indo bagus banget nunggu gta main di server gta roleplay ku dulu aja imeroleplay tempat top up terbaikku cuma di cari cuan tambahan jadi clipper di join discord komunitas roblox paling rame se indo join komunitas studio game roblox ku koleksi tcg pribadiku beli kebutuhan tcg di tokoku bbrosvault festival motionimefest follow instagram ku
638,,,bang aku belum di absen
639,,,bang main ini lagi bang
640,,,cassie nya mirip lucy cp
641,,,lanjutin bg
642,,,keselll bgt sm bg windah mainnya
643,,,download game kya gini dimana yaaa
644,,,bang win kapan lanjutinn kulonikuuu
645,,,lanjutkannnnn
646,,,mana bang game lainnya
647,,,mana lanjutannya woi
648,,,aku suka gim spt ini bang
649,,,lanjutkan bang game bagus ini bang
650,,,seru banget bang windahhh lanjut sampe episode
651,,,mau di like bg windah
652,,,lucuuu
653,,,teman kenalanku ngerjain buat karakter desainnya bangg seneng bgt bang windah mainin game gambir studio dari yogyakarta
654,,,akuuu sukaa jadi laper nontonnyaaa
655,,,nama game nya apa bang
656,,,bang kok gajadi live ini lagi aku nungguin padahal pas tgl
657,,,yg versi android apa dong
658,,,allakon bocil kematian
659,,,apalah ada diplaystore bang
660,,,suarany bkin ange deh
661,,,udah jelas minta agak asin dan asin itu bisa pake kecap manis 1x lah kecap manis kan ada lambang manis dan lambang asin gimana sih malah kasih kecap manis banyak banget ya jadinya manis asin banget itu
662,,,aku sangat enjoy sekali nonton game ini
663,,,keliatan enak bgt baksonya ngiler
664,,,game nya seruu bangett dan karakter nya pun bedabeda i like it thanks bang windah udah mainin game ini
665,,,gamenya bisa dimainin di hp kah lucuu banget pengen main
666,,,lanjut terus sampe tamat bang windah game nya bagus bang worth it buat ditamatin
667,,,bener2 serem kuburan di thailand join discordku motionime join instagram ekspedisi naik gunung motionime follow instagram ku festival motionimefest toko top up game ku windah topup
670,,,bang main ff
671,,,absen
672,,,enggak ada di situ korek
673,,,bang coba main goat simulator
674,,,bang coba game selendrina
675,,,semangat selalu bang windah
676,,,seru nih
677,,,cuma kamu tiada yg lain
678,,,dia bicara apa sih
679,,,iya seram
680,,,pusing gw co
682,,,kaget bet plis sampe hp gue aja jatuh ke muka
683,,,bisa main no straight roads nggak
684,,,saya bang
685,,,zayn
686,,,danonomali
687,,,gua tau itu doa budda gua agama budda
688,,,bang
689,,,korea asia nanti kalau ada anomali
690,,,serem bgt bg setan thailand
691,,,bangcobamainnigmzunomali
692,,,bang semangat yah
693,,,bang rumah nya di mana
694,,,kalo sawit the tower
695,,,aku mau roblox jadi warna warni bosen warna biru
697,,,antekantek asing
698,,,buatan dimana ini
699,,,bang main apm
700,,,mohon maaf lahir dan batin
701,,,banteng abang
702,,,ada lagi bang tower of jump
704,,,asik
705,,,bang kayak nya kamu liburan deh
706,,,katanya malay nanti gabisa jugak jika kekerasan meningkat salam dari malaysia
707,,,walah pdi tower
708,,,semangat bang ngontennyaaa
709,,,bang banteng mareh bang banteng mareh bang banteng
710,,,nama tower nya tower banteng m3rah kalau gak salah udah di hapus
711,,,merah merah
713,,,tadi background tower nya banteng merah
714,,,ada yang main susanh ngapalin nama nya mineplay cossplay
715,,,p maksud
716,,,bang mainin map baru aku please mapfree shorcut robi laser x
717,,,banjir tower banteng merah
718,,,buset banteng merah cokk
719,,,pasti diluar rumah bg capi langsung ada suara amang amang baksoso bakso
720,,,yang nonton sini ngumpul
721,,,aku kayak mau nonton karena aku pena saran tapi aku juga takut banger
722,,,bang main game grany lagi
723,,,bang regi kapan lagi main game ff
724,,,baru aja nonton tapi inilatar lokasinya mirip she was ya
725,,,kok bangunannya yang dilantai dasar bukan basement itu mirip di game she was ya
726,,,som1 som2 som5
727,,,ihh mirip she was rumahnya
728,,,iii takut nyaa
729,,,lah ini mirip bener indoor nya sama game yang nenek umur wkwk cuma beda di basement
730,,,bang reggy kaget
731,,,nangis plcc gr kget truss tpi seruu
732,,,kak reggie rmhnya kayak rumah yg di game she was ngak prasan ya
733,,,yeyeyeyey
734,,,pliss ini paling ngeriiii
735,,,map rumahnya mirip bet ama game yang nenek nenek umur tahun itu
736,,,banyakin game horor
737,,,tunggu tunggu kok kaya kenal ya rumah nya
740,,,rumahnya mirip she was
741,,,game nya mirip she was persis bgt rumahnya
742,,,menit kaya game she was
743,,,sumpah kak reggie ini game nya struktur rumah nya kaya game she was kakkk
744,,,ka regi ade saya yg umur tahun juga ga kaget tapi saya sendiri nntonnya sambil nutup mata
745,,,seruuuuuuu bangat
746,,,walaweeee apalagi tuu
747,,,nonton konten kak regi diulabg2 terus wwkwkwk
748,,,aku belum mulai kaget
749,,,bg ayah nya sama kayak ayah ku suka marah dan dari kecil aku gak pernah dirayain ulang tahun sampay sekarang dan kadang aku dipukul ayah ku
750,,,sedih nya
751,,,kok gw ya yg pengen tidur
753,,,bapak kejam yang jahat tapi bapakku baikbaik amat bayi ama tumben ndak pukul tumben tak tampar jadi bayi bapakku saya jadi tapi kalau game itu jahat bapaknya jam lagi bapaknya bapakku tidak jahat tapi baik
754,,,ada juga game kok begitu di hpku nonton ini dari hpku bisa aku download
755,,,toyota kg di
756,,,saya pernah dengar lagu itu dari film di youtube saya pernah saya dengar lagunya ayah dengar lagunya tadi pas mau dengar ada film kamu aku mau nonton lagunya kayak lagu lagu horor yang
757,,,game masterpiece
758,,,miuw itu hati nya buat apa
759,,,miawu
760,,,lanjutnya kapan sih
761,,,beep beep beep beep
762,,,lincoln loud menangis ronnie anne sid chang anak suka tidak sedikit orang
764,,,ko a
765,,,gamenya yang mudah aja game ini game hantu yang menyeramkan itulah miaw aug contohkan pang miawaug tolong di mana yang tampangtampang ajeng
766,,,dulu miawaug orang tuanya di tinggal pas miawaug kecil apa
767,,,gua pas pertama liat kek nya ini game horor biasa deh sampai ending gua tonton wau gila ceritanya
768,,,kaget weh
769,,,mungkin nama bundanya maya
770,,,inilah pas adegan hati ron berdetak sangat kencang dan kalian liat lampu nya kedip kan nahhh itu disebabkan olahraga hati ron yang berdetak kencang maaf kalau salah
771,,,zelda ada kok di pc kenapa enggak walaupun illegal
772,,,baru bulan lalu beli switch1 oled ok lah 1080p walaupun kalah sama switch2 yang bisa 4k tapi baterai lebih kuat daripada switch2 2x lipat lau bisa cfw jadi gak perlu byk biaya untuk tambah game
773,,,ya ampun barusan cekout orens dapat 8jt
774,,,anda tidak tahu seberapa licik nintendo
775,,,buat saya aja bang switch nya gak kesampaian buat beli
776,,,kenapa harus jadi browser di mario kart
777,,,pov my bini kalau beli nintendo
778,,,atau jt kok rasanya mahal ya sayang bet uangnya buat maen game tpi kenapa ya klo beda lagi dengan hp belasan juta rasanya masih bisa lah ya apa daya
779,,,bg ngeri bngt bg
780,,,konsole idaman gua dari dulu ps udah ps udah ps udah ps gak tertarik ps ngaca diri gak sanggup pc gaming 10jt ke atas udah tinggal nintendo switch yg belum
781,,,gw kemarin pas ditoko bingung antara switch sama oled dengan harga beda setengah harga akhirnya gw pilih oled karena pas liat langsung layarnya emng lebih mantep oled dimana setiap hari layar yg diliat secara grip juga switch2 lebih ramping lebih gede juga jadi pegel kalo kelamaan udah gitu di jepang region lock itu lah alasan utama sebenernya jadinya gw ambil oled akun gw masih bisa dipake disitu
782,,,kalo gue beli nintendo switch mending untuk main party bareng keluarga atau game2 exclusive aja kalo game ada di pc mending beli di steam lebih murah
783,,,hargannya gak segitu pajaknya gak ngotak
784,,,cewek jg happy sih kalo dibeliin ini
785,,,gue pilih ps5
786,,,koq bisa lebih mahal daripada ps5 digital
787,,,yooo monster hunter got mentioned
788,,,biru oren itu bg bukan biru merah wkwkkw izin
789,,,nunggu cfw wkwk
790,,,game juta jadi inget kata abang an penjaga toko games di kota gw pas beli game ps4 iseng nanya ttg switch oled dia bilang nintendo bukan buat gamers umum mau yg baru atau yg second nintendo memang khusus buat orang fanatik mau tua atau bocah pasti dia orangnya fanatik nintendo dan yg pasti dia kaya gak ragu keluar duit banyak demi game makanya kalo ada org biasa main ps trus beli nintendo slogan dia selamat upgrade kelas bang setelah gw pikir iyaa juga yaa nintendo pasarnya memang bukan orang random sprti gw dimana lagi nyari game pokemon zelda mario selain di nintendo mau harganya 2jt per game kalo pasarnya org fanatik nintendo kaya pasti dibeli jirr saran gw buat kalian yg mikir mau beli nintendo kalo masih mikir ragu mubazir ga tega ngeluarin duit sejuta buat beli game mending tahan dulu niat beli nintendonya mending versi lite aja dulu
791,,,kocak ya untuk orang2 yang suka promosi in baranggame dulu si oled di puja sekarang di hina bisa aja lidah padahal oled masih ok bagus yang switch udh pasti bagus bukan berarti yang oled jadi sampah atau jadul banget lebay kata katanya masih keren lah bro oled switch yang ngga usah di tanya yaa pasti keren juga
792,,,kerja bulan nabung buat beli ns2
793,,,oke aku akan nabung
794,,,efek di menu nya kali pas nyambungin joycon pas nyala
795,,,pengen banget ns2 bisa maen zelda 60fps
796,,,buat yang pro better steam deck buat yang mau noltagia dan lebih user friendly pilihannya nintendo switch karena banyak game party
797,,,grafisnya gitu2 aja berasa maen di ps3
798,,,mahal ternyata
799,,,lagi ngumpulin buat beli ini semoga gak ada kendala apa apaaa huhu
800,,,kalau layar bukan miniled atau oled maka hdr nya itu hdr palsu
801,,,gamenya bagus banget join discordku motionime follow instagram ku festival motionimefest toko top up game ku windah topup
802,,,garing bet garing
803,,,loh satpamnya cewek
804,,,seru bang game nyaaa
805,,,anomail beta buka kadang ayamnya hilang
806,,,gakuattt sepanjang video ngakak terus
807,,,kasian ya developer nya buat nya mahal kaya film nya
808,,,baru klik ni live udah di bikin ngakak sama lagu nya
809,,,beta buka gudang bendderaaa nya ilang
810,,,bg windahhhhh aku gak luluss aku ditolak snbp
811,,,game keren
812,,,bang kenapa gak didorong
813,,,bang kenapa gak didoro g
814,,,thanks yaa bang windah whatt a game
815,,,bocilnya bilang benderanya telah hilang dibelakangnya ada senjapda
816,,,bahasa inggris kan bukan bahasa asing
817,,,hd an yg di game
818,,,itu kunci atau apa jir
819,,,check point
820,,,harusnya adain nobar movie absolute cinema ini bang
821,,,bayar kagak bang
822,,,game absurd jir
823,,,cuma bg windah yg ngaku film nya bagus
824,,,aduhhh aduhhh
825,,,lebih bagus dari rdr ii
826,,,lebih bagusan gamenya bang cihuy
827,,,susah ngambil yg mengang bendera malah temennya
828,,,anjir game rusak
829,,,hhhhhhhh
830,,,jarang loh game indo ada dengan gaya pixel gini game ini bagus bgt
831,,,gw udh tamat a space for the unbound nguras emosi banget gw juga main until then cuman belum tamat
832,,,padahal banyak loh game indonesia yang grafik pixel kayak a space for the unbound tapi bagus banget contoh kayak citampi story dan saudaranya cisini story potion permit dan game lainnya banyak loh yang bagus tapi a space for the unbound bikin mewek anjir
833,,,asal mereka tau bikin game pixel itu lebih merepotkan daripada 3d
834,,,biasa bocil
835,,,barusan selesai main dan yap nangis wak sad bener dan bagus story nya
836,,,gua hampir nangis pas sampai di ending
837,,,baru main di asli lebih bagus daripada until then
838,,,benar kau bang
839,,,percuma kalo grafik jd cerita kg jelas
840,,,apa cuma gw doang yg paling suka grafiknya
841,,,gw bingung kenapa banyak orang ga ngerti seni dari pixel art
842,,,saya sebagai warga melaysia ini game memang bagus banyak buat saya terharu
843,,,yang bilang grafik burik gak tau apa itu game
844,,,ini cuma d nintendo d ps ada juga
845,,,kenapa kalian pikir pixel itu jelek justru pixel itu bagus dan susah banget buatnya pixel itu punya ciri khas sendiri lebih tenang dan kalem kalau dilihat aku setiap liat gambar pixel itu berasa tenang aja diliatnya untuk bocah mungkin gak akan tau mereka kan kebanyakan udah liat game game yang grafik hd atau bahkan realistis yang jadinya nganggep nya pixel ini burik ya padahal enggak
846,,,pada gatau pixel art
847,,,gue udah berkali kali ngelihat endingnya pun terus berusaha menahan air mata
848,,,bahkan raja kikir sampe nangis main a space for the unbound
849,,,belum pernah main coba aja main
850,,,yang ngelewatin game ini karena grafik kasian banget sih pfft
851,,,biasa penyepong grafik mana mau mereka ngikutin jalan cerita lebih mentingin grafik yang wah gitu
852,,,itu yg julid suruh buat hello world di html aja panik
853,,,game masterpiece gini ada yg ngejek otaknya busuk
854,,,nggak punya pc
855,,,pasti bocil epep yg komen padahal gamenya bagus dari segi cerita gw uda taun udah bapakbapak lah juga bisa down gegara alur ceritanya njir ampe di ejek ama anak ih bapak nagis kan asw
856,,,yg ngejulid kaga maen itu
857,,,gw klo main game pixel kek ya biasa aja gitu tp pas main a space for the unbound ni biarpun pixel tp kek wah ini keren bgt cantik bgt
858,,,maklum lah grafik nya kek gitu kan game pixel bukan game kek yang kek gta atau horizon
859,,,rivew yg baru bang sekarang udah keluar yang asus rog xbox ally x
860,,,emang bener
861,,,coba rog xbox ally x
862,,,busettt
863,,,yg xbox bang
864,,,baru mau ngasih kabar baru kebeli kemaren alhamdulillah butuh 2taun teryata
865,,,bisa word excel ppt gt sambil kerja
866,,,ok gas beli
867,,,berarti bisa dipake buat presentasi ya jadi ga bwa laptop
868,,,buat review steamdeck dong
869,,,baru beli di dpt dibawah 7jt yaa lumayan lah ya z1 extreme sama kek ally x
870,,,itu game nya beli apa gmn
871,,,speknya gila ryzen z1 extreme udah kayak otak laptop gaming kelas atas
872,,,gaming genggam keren banget ini laptop asus rog ok banget
873,,,bisa main minecraft gak
874,,,minggu kmrn temen jual 9jt
875,,,dan seri x pun da lahir
876,,,bisa buat pasang monitor gak ya jadi layar rog nya mati terus kerja pc mode monitor gitu rencananya
877,,,pas kecil banyak buat main game pas sudah dewasa kebeli alat game nya tp gk ada waktu main
878,,,gapaham jokesnya sumpah
879,,,itu pakai flashdisk bisa gak
881,,,ini kalo gini gamenya udah ada didalemnya apa gimana
882,,,bang cara install mod di rpcsxx3 gimana
883,,,msi jt
884,,,ps cara yg samakah
885,,,mengahayal dulu aja dah
886,,,bisa kartu sim gak sih apa wifi ya
887,,,horror indo never fail gila guys nunggu gta main di server gta roleplay ku dulu aja imeroleplay tempat top up terbaikku cuma di cari cuan tambahan jadi clipper di follow ig game roblox ku join discord paling ramai di indonesia join komunitas studio game roblox ku koleksi tcg pribadiku beli kebutuhan tcg di tokoku bbrosvault festival motionimefest follow instagram ku
888,,,nama game nya apa
889,,,gaiss maat oot tolong doainn aku ya biar jerawat aku cepet sembuhh soalnya ini lagi breakoutt katanya kalau orang nge aminin bakal terkabull makasiii
890,,,kenapa jadi istiqomah anj
891,,,reza auditore awokawok
892,,,paan sih bang windah stalking nayla mulu
893,,,terdiam
894,,,gw menangis nonton ini banggame nya bagus
895,,,bang aku bocil replay kok gaada live chat nya
896,,,astaga reg
897,,,lagi tegang seret tubuh vito keluar pula la iklam dracin
898,,,baru windah ngomong jaman windah toxic lu pada kemana
899,,,when yah mbg gua muncul
900,,,bang lu napas aja udah lawak
901,,,lucu bbgttt
902,,,streamer bnyk teori
903,,,w pantun
904,,,kok ada costumer yang mirip jarjit game plagiat
905,,,alvinnnnnn windah mentioned you udah ga perlu caper lagi
906,,,bang windah pinter bgtt coyyyy
908,,,nyesel gak lihat livenya
909,,,waspada klo bng windah buka barbershop guys takut di gundulin semua
910,,,horror indo never fail
911,,,bang kok gaada live chat nya
912,,,anjir reza yahuditore
913,,,muka pelanggannya muka pria solo semua
914,,,game dino nya keren
916,,,kok game nya seperti linda
917,,,gamenya mirip dreadout
918,,,keren
919,,,mirip game cineris somnia
920,,,wehh yg buat geme nya berasal dari minang kah di menit ada foto jam gadang huaaa bangga bgt ak
921,,,mantap miawaug
922,,,kaya bukan game indo kaya game jepang kalian ss jadikan wallpaper bagus tuh oh iya game indo dong ada pohon pisangnya dari tempatny latar belakang nya kaya didesa ada kemajuan nih game indonesia dan diseragam karakter nya ada bendera indo jauh sekali kuncinya ada disitu sebelah pintunya ada disini kan muter yh kaya kareggie kaget ikit gk kaget kaget sekali itu mungkin yg tadi melayang mybe karakter ko gk kaget kaya biasa biasa aja malah kita penonton dan kaka reggie yang kaget kaget banget itu woi aku belum siap siap di jumcares kaya macam tuh belum siap sekali tba tba sekali dikagetin seperti itu saya lagi nonton anteng anteng nya oh game ini bisa di handpone
923,,,kak regi jadi keinget dread out
924,,,halo kak regiiiii aku mau reqomend game horor roblox judulnya mie ayam sidoarjo asli seru kakk
925,,,bang regi serem banget dong hampir jantungan aku kalau full liris bahasanya mantap sih semoga dibaca
926,,,asian fatal frame and unme
927,,,bangg regi pliss banyakin game kek gini bang
928,,,budi
929,,,sehat terus bg regi
930,,,ada jam gadang nya heheh
931,,,kak regi
932,,,main life is strange kak regii
933,,,bayar atau enggak dihape
934,,,yg nonton sambil makan mie bilang hadir
935,,,koh reggie request game plaything horror game
936,,,hali bng aku ingat kan main super bear adfenture plissss
937,,,vlog dong kapan2 ayah regi sama ibu negara
938,,,halo cantik
939,,,karakter ny mirip mio fatal frame desain game mirip kayak dreadout dan nuansa fatal frame behh mantapp
940,,,aku taku
941,,,kak regi nama yumna itu nama sepupu ku kakkkkkaa
942,,,ada juga dulu misguided never back home apa ini game yang sama ya
943,,,di dc fc ff fc t td yg
944,,,bang regi spill dong anaknya udah nikah belum
945,,,liat komentar dulu bagian mna aja jumpscarenya ngeri copot jantung
946,,,ka regi sekali kali main game granma dong game nya juga seru bisa mabar juga kak regi
947,,,tak kirakno siapa
948,,,loh kaget aku kok ada dua suara miaug
949,,,ngakak cok suaranya
950,,,windah basudara
951,,,suara motornya
952,,,wihhhh game dari kota pekanbaru kota saya tinggal
953,,,hhehshwhej
954,,,main jumpscare minute from this gameplay in this channel
955,,,2kali ulang 2kali tekejut
958,,,kak regi aku sudah follow aku dari bali rumah ku di denpasar namanya aku wikan rumah jalan denpasar jalan pengiasan warung wikan semoga kak regi ke kerumah ku ke bali terima kasih kak regi semoga kebali makasih ya semoga ke bali terima kasih
959,,,kaget
960,,,suara miawaug dalam game
961,,,awas kaget
962,,,harris caine
963,,,kaget bgttt sumpah jantung ga amann
964,,,gw kaget ada yang lewat
965,,,ada yang ngintip
966,,,ngeri ngeri sedepppp
967,,,lantai ngak sih ka regi knp ngak masuk ksana
968,,,tiap nonton miawaug gw kaget mulu coo
969,,,regi kamu kok gak masuk ke apa gak bisa
970,,,wah ada kak windah basudara nih
971,,,woilah si samsudin fans berat death note kah ada near sama light cik
972,,,yang warna block itu regi be like tenang400
973,,,pohdxgjc jkmdcfl i08iapi auu9au99i0dsi9uqkeu139u31ejkn3rg efvkpjnipjxjefwpjhe8pq u9f eojre joe rqjo no4f qjo efoj rejo 24r09qojec wni9 eqx en08qexrd0ix3r10n8n814r b7 b7oje9j opiqi9mqz89nin0zws 80wzw08 wsz0 wzw8n08wzw8n0wex8 0xe8 wex8 ewx8 ewxnx2e 08xwe8e2x80nx2e8 e38n108b e13b97 3r108n12exn082xen831e 7b3e 108n1 3r0n813 1rn08 r108n13r n8
974,,,damai kah
975,,,di play store ada kak regi ga
976,,,bang berisik
977,,,kak regi coba main roblox
978,,,tadi ada yang komentar ada foto foto bang tadi aku lihat ada foto abang foto kamu itu dijadiin toxic ada dua namanya okto yang yang ada foto kamu
979,,,jkbuibiomk
980,,,kak regi si aci gamespot kedengaran suara miawaug kak regi kamu kenal windah basudara gak
981,,,deep
982,,,miaa
983,,,miawaung jago banget main crap game
984,,,adayang liat adek nya kak regi sumpah sru kaya nya
985,,,miawaung kok bajunya beda
986,,,miawaugepun sorry pun miawaugada yang ngincer gue no dua orang ngincer gue no miawaugsiapa siapa yang megang bomnya aci aci yang bawa miawaugci im coming
987,,,kari
988,,,saya nama al faiz akbar
989,,,miawaug di mana
990,,,bang sapa aku
991,,,eh kak nata halo kak nata hehehehe
992,,,seru banget
993,,,aci wida yeka
994,,,lucu si game ini
996,,,tapi seru juga ya ayo semangat semua youtuber
997,,,rasain tu busu
998,,,barangnya kamu ketawain bang aci
999,,,semangat bang darlung gaming
1000,,,akhirnya bro darlung menyentuh rumput semangat bang darlung semoga sehat
1001,,,banggggg
1002,,,bandar lampung
1003,,,ches day
1004,,,aku jelasin wa darluuung itu temen nya bg darluuung ini aku kasih tau
1005,,,bang rumah kamu di
1006,,,bank seharian di rumah
1007,,,nama film ku dirga
1008,,,tarling ku bikin film yang lagi ya film
1009,,,wkwkwkwk
1010,,,halloh
1011,,,gemes
1012,,,kaitancati kanabila bangbikin
1013,,,bang yobain kurir mbg bang biar lebih seru
1014,,,ftgggggffxh
1015,,,bang darlung aku nonton vidio kamu terus tiap jam aku udah subscribe
1016,,,halo
1017,,,mantap bang semoga sehat selalu
1018,,,ni lah youtuber favorit ku
1020,,,bg darlung muka nya mirip pemain profesional nama ny ginting
1021,,,zcvxbzc
1022,,,wajahnya mana woi
1023,,,loding
1025,,,ygufigiggt
1026,,,lah muka asli gaming real itu abg
1027,,,hxgfhfhg
1028,,,kayaknya itu
1029,,,woi mana muka aslinya itu malah kelihatan ada orang yang nonton youtube tapi loading jaringannya karena jelek ngapain lu nambah itu orang nama penasaran kasih muka asli lu
1030,,,bang coba ke rumah aku dong bang gaming real in ikan melati dan kamen rider ke sini ayah di sini bang please ya
1031,,,aku mau lihat muka kamu pemain real maaf ya ini teman aku namanya kiki lia aku angelita nisa dipanggil nisa kiki dipanggilnya dia maaf ya bang soalnya apa ya teman aku ini tuh dia nggak bisa ngomong jelas maaf banget sumpah
1032,,,gaming real bang dan rel kayak mana aku pengen lihat
1033,,,bang tolong tunjukkan gaming real
1034,,,muka nya engga keliatan
1035,,,mana bang muka asli gaming rael nya
1036,,,dgbb
1037,,,lah lu hantu bg
1038,,,bang kok gelap bang
1039,,,aku mau tau
1040,,,saya
1041,,,curang gaming real padahal dah subrek dan like
1042,,,scam scam scam scam scam scam scam scam scam scam scam scam scam scam scam scam scam scam scam scam scam scam scam scam scam scam scam scam scam scam scam scam scam scam scam scam scam scam scam scam scam scam scam scam scam scam scam scam scam
1043,,,udah tau
1044,,,mana
1045,,,ireng
1046,,,aku tahu wajah reedi craft sama muka atun dan momon
1047,,,pak gm
1048,,,aku suka pak gm
1049,,,payudan
1050,,,aku sudah tau
1051,,,youtube favorit ku akudav
1052,,,kedua aku sudah tahu
1053,,,kalo gw udah tau redi craft itu juga faforit gw
1054,,,ka fny candara
1055,,,bawa aku udah tahu bang
1056,,,keikei
1057,,,atun bo bo
1058,,,yang dukung bangjblox
1059,,,bang jeblok kali
1060,,,aku suka reedi craft dia jadi toy bonnie cosplay
1061,,,moen ganteng banget
1062,,,bangjblox iam coming for you i like you yang dukung bangjblox kumpul aku udah tau dari wajah atun momon
1063,,,aku mah azuya
1064,,,aku tau
1065,,,atun
1066,,,tolong wifi gua ngelek
1067,,,aku akudav
1068,,,p gm
1069,,,ya atunmomon
1070,,,apil
1071,,,gua tau atun
1072,,,kei kei sama akubav
1073,,,atun aku udah tau wajah nya
